time; pose_x; pose_y; pose_heading;  gps_x; gps_y; speed_x; speed_y; acc_x; acc_y; actual_pos_x; actual_pos_y
4.048; -2.90003; -0.2; -0.00276923; -2.9; -0.2; -4.08806e-06; 1.69601e-11; 0; 0
4.064; -2.89995; -0.2; 0; -2.9; -0.2; 4.49998e-06; -1.24615e-08; 0; 0
4.08; -2.89995; -0.2; 0; -2.9; -0.2; 0; 0; 0; 0
4.096; -2.89988; -0.2; 0.00276923; -2.9; -0.2; 4.5e-06; 0; 0; 0
4.112; -2.89988; -0.2; -0.00276923; -2.9; -0.2; 0; 0; 0; 0
4.128; -2.89974; -0.200001; -0.00553846; -2.9; -0.2; 8.99997e-06; -2.4923e-08; 0; 0
4.144; -2.8997; -0.200001; 0.00415385; -2.9; -0.2; 2.24997e-06; -1.24615e-08; 0; 0
4.16; -2.89977; -0.200001; -0.00415385; -2.9; -0.2; -4.49996e-06; -1.86923e-08; 0; 0
4.176; -2.89959; -0.200002; 0.00830769; -2.9; -0.2; 1.12499e-05; -4.67306e-08; 0; 0
4.192; -2.89967; -0.200002; 1.73472e-18; -2.9; -0.2; -4.49984e-06; -3.73842e-08; 0; 0
4.208; -2.89931; -0.200002; -0.00276923; -2.9; -0.2; 2.25e-05; 3.90313e-23; 0; 0
4.224; -2.89913; -0.200003; 0.00969231; -2.9; -0.2; 1.125e-05; -3.11538e-08; 0; 0
4.24; -2.89898; -0.200002; 0.00692308; -2.9; -0.2; 8.99958e-06; 8.72294e-08; 0; 0
4.256; -2.89905; -0.200002; 0.00692308; -2.9; -0.2; -4.49989e-06; -3.11536e-08; 0; 0
4.272; -2.89869; -0.2; 0.00415385; -2.9; -0.2; 2.24995e-05; 1.55768e-07; 0; 0
4.288; -2.89833; -0.199998; -0.00138462; -2.9; -0.2; 2.24998e-05; 9.34613e-08; 0; 0
4.304; -2.89823; -0.199998; 0.00553846; -2.9; -0.2; 6.74999e-06; -9.34615e-09; 0; 0
4.32; -2.89819; -0.199998; -0.00138462; -2.9; -0.2; 2.24997e-06; 1.24615e-08; 0; 0
4.336; -2.89797; -0.199998; -0.00415385; -2.9; -0.2; 1.35e-05; -1.86923e-08; 0; 0
4.352; -2.89776; -0.199999; -0.00692308; -2.9; -0.2; 1.34999e-05; -5.60768e-08; 0; 0
4.368; -2.8979; -0.199998; 0.00138462; -2.9; -0.2; -8.99978e-06; 6.23072e-08; 0; 0
4.384; -2.89718; -0.199997; 0.00415385; -2.9; -0.2; 4.5e-05; 6.23077e-08; 0; 0
4.4; -2.89725; -0.199998; 0.0623077; -2.9; -0.2; -4.49996e-06; -1.86923e-08; 0; 0
4.416; -2.897; -0.199982; 0.119077; -2.9; -0.2; 1.57194e-05; 9.80711e-07; 0; 0
4.432; -2.8965; -0.199922; 0.177231; -2.9; -0.2; 3.12769e-05; 3.74207e-06; 0; 0
4.448; -2.8959; -0.199814; 0.222923; -2.9; -0.2; 3.76508e-05; 6.74364e-06; 0; 0
4.464; -2.8945; -0.199496; 0.258923; -2.9; -0.2; 8.7773e-05; 1.98973e-05; 0; 0
4.48; -2.89349; -0.199228; 0.290769; -2.9; -0.2; 6.3075e-05; 1.67066e-05; 0; 0
4.496; -2.89255; -0.19895; 0.317077; -2.9; -0.2; 5.81999e-05; 1.74164e-05; 0; 0
4.512; -2.89139; -0.198568; 0.364154; -2.9; -0.2; 7.26865e-05; 2.3852e-05; 0; 0
4.528; -2.89015; -0.198094; 0.373846; -2.9; -0.2; 7.77909e-05; 2.96502e-05; 0; 0
4.544; -2.8883; -0.197371; 0.391846; -2.9; -0.2; 0.000115203; 4.51933e-05; 0; 0
4.56; -2.88684; -0.196766; 0.405692; -2.9; -0.2; 9.14964e-05; 3.78076e-05; 0; 0
4.576; -2.88552; -0.196197; 0.419538; -2.9; -0.2; 8.26946e-05; 3.55189e-05; 0; 0
4.592; -2.88384; -0.195449; 0.420923; -2.9; -0.2; 0.000104799; 4.67421e-05; 0; 0
4.608; -2.88187; -0.194567; 0.432; -2.9; -0.2; 0.000123216; 5.51614e-05; 0; 0
4.624; -2.88046; -0.193919; 0.444462; -2.9; -0.2; 8.78616e-05; 4.05081e-05; 0; 0
4.64; -2.87897; -0.193207; 0.452769; -2.9; -0.2; 9.34442e-05; 4.45021e-05; 0; 0
4.656; -2.87735; -0.192419; 0.463846; -2.9; -0.2; 0.000101164; 4.9214e-05; 0; 0
4.672; -2.87571; -0.191598; 0.479077; -2.9; -0.2; 0.000102625; 5.13381e-05; 0; 0
4.688; -2.87405; -0.190735; 0.479077; -2.9; -0.2; 0.000103828; 5.39323e-05; 0; 0
4.704; -2.8728; -0.190088; 0.488769; -2.9; -0.2; 7.78712e-05; 4.04493e-05; 0; 0
4.72; -2.87127; -0.189276; 0.491538; -2.9; -0.2; 9.53544e-05; 5.07103e-05; 0; 0
4.736; -2.86956; -0.188359; 0.508154; -2.9; -0.2; 0.000107115; 5.73459e-05; 0; 0
4.752; -2.86818; -0.187588; 0.513692; -2.9; -0.2; 8.64908e-05; 4.817e-05; 0; 0
4.768; -2.86623; -0.186491; 0.519231; -2.9; -0.2; 0.000121496; 6.85498e-05; 0; 0
4.784; -2.86483; -0.185688; 0.537231; -2.9; -0.2; 8.79054e-05; 5.02415e-05; 0; 0
4.8; -2.86325; -0.184748; 0.558; -2.9; -0.2; 9.85851e-05; 5.87243e-05; 0; 0
4.816; -2.86197; -0.183947; 0.555231; -2.9; -0.2; 8.01658e-05; 5.00369e-05; 0; 0
4.832; -2.86025; -0.182885; 0.563538; -2.9; -0.2; 0.000107072; 6.64196e-05; 0; 0
4.848; -260.873; -0.181923; 0.571846; -2.9; -0.2; 9.51042e-05; 6.00953e-05; 0; 0
4.864; -2.85737; -0.181046; 0.584308; -2.9; -0.2; 8.51415e-05; 5.4795e-05; 0; 0
4.88; -2.85587; -0.180053; 0.595385; -2.9; -0.2; 9.38356e-05; 6.20575e-05; 0; 0
4.896; -2.85423; -0.178943; 0.602308; -2.9; -0.2; 0.000102457; 6.94024e-05; 0; 0
4.912; -2.85313; -0.178188; 0.620308; -2.9; -0.2; 6.86005e-05; 4.71649e-05; 0; 0
4.928; -2.85137; -0.176933; 0.614769; -2.9; -0.2; 0.000109849; 7.84736e-05; 0; 0
4.944; -2.85023; -0.176123; 0.624462; -2.9; -0.2; 7.16836e-05; 5.06116e-05; 0; 0
4.96; -2.84839; -0.174797; 0.636923; -2.9; -0.2; 0.000114999; 8.28756e-05; 0; 0
4.976; -2.84723; -0.173941; 0.650769; -2.9; -0.2; 7.23537e-05; 5.35252e-05; 0; 0
4.992; -2.84594; -0.172959; 0.657692; -2.9; -0.2; 8.05563e-05; 6.13371e-05; 0; 0
5.008; -2.84449; -0.171837; 0.670154; -2.9; -0.2; 9.08137e-05; 7.01458e-05; 0; 0
5.024; -2.84313; -0.170764; 0.672923; -2.9; -0.2; 8.46424e-05; 6.70795e-05; 0; 0
5.04; -2.84161; -0.169552; 0.689538; -2.9; -0.2; 9.50134e-05; 7.57279e-05; 0; 0
5.056; -2.84083; -0.171415; 0.697846; -2.84084; -0.171468; 2.26326e-05; -0.000260107; 0; 0
5.072; -2.83958; -0.170374; 0.715846; -2.84084; -0.171468; 7.75806e-05; 6.50601e-05; 0; 0
5.088; -2.83847; -0.169405; 0.717231; -2.84084; -0.171468; 6.96062e-05; 6.05396e-05; 0; 0
5.104; -2.83698; -0.168104; 0.732462; -2.84084; -0.171468; 9.32616e-05; 8.13409e-05; 0; 0
5.12; -2.83559; -0.166852; 0.740769; -2.84084; -0.171468; 8.69931e-05; 7.82381e-05; 0; 0
5.136; -2.8345; -0.165856; 0.767077; -2.84084; -0.171468; 6.80759e-05; 6.22554e-05; 0; 0
5.152; -2.8332; -0.164607; 0.756; -2.84084; -0.171468; 8.09935e-05; 7.80788e-05; 0; 0
5.168; -2.83194; -0.163421; 0.772615; -2.84084; -0.171468; 7.85793e-05; 7.40898e-05; 0; 0
5.184; -2.83071; -0.162215; 0.780923; -2.84084; -0.171468; 7.73375e-05; 7.53851e-05; 0; 0
5.2; -2.82958; -0.1611; 0.789231; -2.84084; -0.171468; 7.03161e-05; 6.96896e-05; 0; 0
5.216; -2.82821; -0.15972; 0.811385; -2.84084; -0.171468; 8.55836e-05; 8.62421e-05; 0; 0
5.232; -2.82702; -0.158467; 0.816923; -2.84084; -0.171468; 7.43575e-05; 7.8326e-05; 0; 0
5.248; -2.82604; -0.157417; 0.830769; -2.84084; -0.171468; 6.16021e-05; 6.56139e-05; 0; 0
5.264; -2.82504; -0.156327; 0.854308; -2.84084; -0.171468; 6.22049e-05; 6.8122e-05; 0; 0
5.28; -2.82388; -0.154997; 0.864; -2.84084; -0.171468; 7.24057e-05; 8.31413e-05; 0; 0
5.296; -2.8226; -0.153491; 0.868154; -2.84084; -0.171468; 8.03634e-05; 9.41052e-05; 0; 0
5.312; -2.82176; -0.152502; 0.884769; -2.84084; -0.171468; 5.23452e-05; 6.18141e-05; 0; 0
5.328; -2.82051; -0.15097; 0.9; -2.84084; -0.171468; 7.83917e-05; 9.57539e-05; 0; 0
5.344; -2.81923; -0.149363; 0.909692; -2.84084; -0.171468; 7.97215e-05; 0.000100462; 0; 0
5.36; -2.81846; -0.148368; 0.919385; -2.84084; -0.171468; 4.83516e-05; 6.21585e-05; 0; 0
5.376; -2.81737; -0.146937; 0.941538; -2.84084; -0.171468; 6.82098e-05; 8.94632e-05; 0; 0
5.392; -2.81648; -0.145715; 0.947077; -2.84084; -0.171468; 5.56175e-05; 7.63999e-05; 0; 0
5.408; -2.81547; -0.144312; 0.947077; -2.84084; -0.171468; 6.30783e-05; 8.76649e-05; 0; 0
5.424; -2.81462; -0.143143; 0.966462; -2.84084; -0.171468; 5.25652e-05; 7.30541e-05; 0; 0
5.44; -2.81356; -0.141603; 0.994154; -2.84084; -0.171468; 6.64811e-05; 9.6277e-05; 0; 0
5.456; -2.81262; -0.140154; 0.996923; -2.84084; -0.171468; 5.88829e-05; 9.05362e-05; 0; 0
5.472; -2.8118; -0.138884; 1.008; -2.84084; -0.171468; 5.1303e-05; 7.93615e-05; 0; 0
5.488; -2.81082; -0.137331; 1.03431; -2.84084; -0.171468; 6.12252e-05; 9.70517e-05; 0; 0
5.504; -2.81012; -0.136156; 1.05092; -2.84084; -0.171468; 4.37009e-05; 7.3488e-05; 0; 0
5.52; -2.80939; -0.134875; 1.04123; -2.84084; -0.171468; 4.5827e-05; 8.00621e-05; 0; 0
5.536; -2.80862; -0.13357; 1.05508; -2.84084; -0.171468; 4.77375e-05; 8.1556e-05; 0; 0
5.552; -2.80795; -0.13238; 1.08277; -2.84084; -0.171468; 4.21652e-05; 7.43797e-05; 0; 0
5.568; -2.80719; -0.130949; 1.08415; -2.84084; -0.171468; 4.74745e-05; 8.943e-05; 0; 0
5.584; -2.80655; -0.12974; 1.08692; -2.84084; -0.171468; 3.9985e-05; 7.55741e-05; 0; 0
5.6; -2.80608; -0.128847; 1.09523; -2.84084;1; .171468; 2.93083e-05; 5.57676e-05; 0; 0
5.616; -2.8054; -0.127535; 1.10215; -2.84084; -0.171468; 4.22359e-05; 8.20134e-05; 0; 0
5.632; -2.80475; -0.12625; 1.10215; -2.84084; -0.171468; 4.06508e-05; 8.02964e-05; 0; 0
5.648; -2.80449; -0.125736; 1.05231; -2.84084; -0.171468; 1.62603e-05; 3.21186e-05; 0; 0
5.664; -2.80385; -0.124611; 1.01354; -2.84084; -0.171468; 4.0141e-05; 7.03541e-05; 0; 0
5.68; -2.80349; -0.12403; 0.970615; -2.84084; -0.171468; 2.26088e-05; 3.62823e-05; 0; 0
5.696; -2.80302; -0.123347; 0.919385; -2.84084; -0.171468; 2.9228e-05; 4.27058e-05; 0; 0
5.712; -2.80232; -0.122431; 0.877846; -2.84084; -0.171468; 4.36543e-05; 5.72565e-05; 0; 0
5.728; -2.80184; -0.121849; 0.832154; -2.84084; -0.171468; 3.01838e-05; 3.63525e-05; 0; 0
5.744; -2.80165; -0.121636; 0.782308; -2.84084; -0.171468; 1.21191e-05; 1.33089e-05; 0; 0
5.76; -2.80121; -0.121205; 0.742154; -2.84084; -0.171468; 2.71303e-05; 2.69631e-05; 0; 0
5.776; -2.80052; -0.120572; 0.686769; -2.84084; -0.171468; 4.31154e-05; 3.95388e-05; 0; 0
5.792; -2.80024; -0.120344; 0.648; -2.84084; -0.171468; 1.73992e-05; 1.42659e-05; 0; 0
5.808; -2.80019; -0.120301; 0.614769; -2.84084; -0.171468; 3.58782e-06; 2.71617e-06; 0; 0
5.824; -2.79986; -0.120072; 0.580154; -2.84084; -0.171468; 2.02184e-05; 1.42751e-05; 0; 0
5.84; -2.80007; -0.12021; 0.551077; -2.84084; -0.171468; -1.3173e-05; -8.6334e-06; 0; 0
5.856; -2.79992; -0.120116; 0.522; -2.84084; -0.171468; 9.58456e-06; 5.89056e-06; 0; 0
5.872; -2.79989; -0.120098; 0.501231; -2.84084; -0.171468; 1.95035e-06; 1.12188e-06; 0; 0
5.888; -2.80043; -0.120392; 0.455538; -2.84084; -0.171468; -3.35449e-05; -1.83793e-05; 0; 0
5.904; -2.80065; -0.120503; 0.432; -2.84084; -0.171468; -1.41439e-05; -6.92915e-06; 0; 0
5.92; -2.80104; -0.120684; 0.409846; -2.84084; -0.171468; -2.45195e-05; -1.13046e-05; 0; 0
5.936; -2.80157; -0.120913; 0.382154; -2.84084; -0.171468; -3.30186e-05; -1.43449e-05; 0; 0
5.952; -2.80167; -0.120954; 0.364154; -2.84084; -0.171468; -6.26308e-06; -2.51721e-06; 0; 0
5.968; -2.80248; -0.121261; 0.336462; -2.84084; -0.171468; -5.0459e-05; -1.92326e-05; 0; 0
5.984; -2.80326; -0.121535; 0.324; -2.84084; -0.171468; -4.88483e-05; -1.70852e-05; 0; 0
6; -2.80377; -0.121707; 0.300462; -2.84084; -0.171468; -3.1994e-05; -1.07447e-05; 0; 0
6.016; -2.8047; -0.121994; 0.296308; -2.84084; -0.171468; -5.80284e-05; -1.79796e-05; 0; 0
6.032; -2.80543; -0.122215; 0.272769; -2.84084; -0.171468; -4.51909e-05; -1.37966e-05; 0; 0
6.048; -2.80598; -0.12237; 0.253385; -2.84084; -0.171468; -3.4669e-05; -9.69838e-06; 0; 0
6.064; -2.80096; -0.123884; 0.238154; -2.80088; -0.123903; 0.00118256; -0.000300081; 0; 0
6.08; -2.80187; -0.124105; 0.229846; -2.80088; -0.123903; -5.68488e-05; -1.38007e-05; 0; 0
6.096; -2.80265; -0.124285; 0.210462; -2.80088; -0.123903; -4.81982e-05; -1.12775e-05; 0; 0
6.112; -2.80321; -0.124406; 0.18; -2.80088; -0.123903; -3.52056e-05; -7.52081e-06; 0; 0
6.128; -2.80424; -0.124593; 0.167538; -2.80088; -0.123903; -6.41958e-05; -1.16817e-05; 0; 0
6.144; -2.80551; -0.124809; 0.145385; -2.80088; -0.123903; -7.98659e-05; -1.35072e-05; 0; 0
6.16; -2.80612; -0.124897; 0.127385; -2.80088; -0.123903; -3.78465e-05; -5.54139e-06; 0; 0
6.176; -2.80694; -0.125003; 0.112154; -2.80088; -0.123903; -5.13307e-05; -6.57434e-06; 0; 0
6.192; -2.80812; -0.125135; 0.0913846; -2.80088; -0.123903; -7.37835e-05; -8.30998e-06; 0; 0
6.208; -2.80923; -0.125237; 0.054; -2.80088; -0.123903; -6.9459e-05; -6.36521e-06; 0; 0
6.224; -2.8102; -0.12529; 0.0470769; -2.80088; -0.123903; -6.06614e-05; -3.27891e-06; 0; 0
6.24; -2.81146; -0.125349; 0.0346154; -2.80088; -0.123903; -7.86628e-05; -3.70594e-06; 0; 0
6.256; -2.8124; -0.125381; 0.0124615; -2.80088; -0.123903; -5.8465e-05; -2.0246e-06; 0; 0
6.272; -2.81337; -0.125394; -0.0110769; -2.80088; -0.123903; -6.07453e-05; -7.57019e-07; 0; 0
6.288; -2.81459; -0.12538; -0.0332308; -2.80088; -0.123903; -7.64953e-05; 8.47367e-07; 0; 0
6.304; -2.81607; -0.125331; -0.0567692; -2.80088; -0.123903; -9.21991e-05; 3.06497e-06; 0; 0
6.32; -2.81722; -0.125266; -0.0706154; -2.80088; -0.123903; -7.1884e-05; 4.08519e-06; 73 0
6.336; -2.81876; -0.125156; -0.0941538; -2.80088; -0.123903; -9.65089e-05; 6.82636e-06; 0; 0
6.352; -2.81984; -0.125055; -0.119077; -2.80088; -0.123903; -6.7201e-05; 6.346e-06; 0; 0
6.368; -2.82116; -0.124897; -0.137077; -2.80088; -0.123903; -8.26605e-05; 9.88974e-06; 0; 0
6.384; -2.82241; -0.124724; -0.152308; -2.80088; -0.123903; -7.80113e-05; 1.0761e-05; 0; 0
6.4; -2.82397; -0.124484; -0.157846; -2.80088; -0.123903; -9.78539e-05; 1.50202e-05; 0; 0
6.416; -2.82529; -0.124275; -0.181385; -2.80088; -0.123903; -8.2215e-05; 1.30862e-05; 0; 0
6.432; -2.82685; -0.123989; -0.195231; -2.80088; -0.123903; -9.73759e-05; 1.78588e-05; 0; 0
6.448; -2.82865; -0.123633; -0.213231; -2.80088; -0.123903; -0.00011257; 2.22607e-05; 0; 0
6.464; -2.82988; -0.123366; -0.222923; -2.80088; -0.123903; -7.69665e-05; 1.6665e-05; 0; 0
6.48; -2.83132; -0.12304; -0.243692; -2.80088; -0.123903; -8.99673e-05; 2.03948e-05; 0; 0
6.496; -2.83303; -0.122614; -0.264462; -2.80088; -0.123903; -0.000106993; 2.66019e-05; 0; 0
6.512; -2.83439; -0.122247; -0.282462; -2.80088; -0.123903; -8.46992e-05; 2.29369e-05; 0; 0
6.528; -2.83591; -0.121806; -0.299077; -2.80088; -0.123903; -9.50769e-05; 2.75933e-05; 0; 0
6.544; -2.8378; -0.121222; -0.303231; -2.80088; -0.123903; -0.000118257; 3.64615e-05; 0; 0
6.56; -2.83897; -0.120857; -0.325385; -2.80088; -0.123903; -7.30098e-05; 2.28433e-05; 0; 0
6.576; -2.84047; -0.120351; -0.330923; -2.80088; -0.123903; -9.38053e-05; 3.16477e-05; 0; 0
6.592; -2.84214; -0.119777; -0.340615; -2.80088; -0.123903; -0.000104268; 3.5822e-05; 0; 0
6.608; -2.84366; -0.119236; -0.350308; -2.80088; -0.123903; -9.54331e-05; 3.38243e-05; 0; 0
6.624; -2.84525; -0.118656; -0.373846; -2.80088; -0.123903; -9.93275e-05; 3.6292e-05; 0; 0
6.64; -2.84673; -0.118077; -0.357231; -2.80088; -0.123903; -9.2162e-05; 3.61547e-05; 0; 0
6.656; -2.84821; -0.117523; -0.390462; -2.80088; -0.123903; -9.275e-05; 3.46184e-05; 0; 0
6.672; -2.84994; -0.116811; -0.393231; -2.80088; -0.123903; -0.000108194; 4.4532e-05; 0; 0
6.688; -2.85127; -0.116259; -0.398769; -2.80088; -0.123903; -8.31308e-05; 3.44857e-05; 0; 0
6.704; -2.8527; -0.115658; -0.408462; -2.80088; -0.123903; -8.9159e-05; 3.75665e-05; 0; 0
6.72; -2.85405; -0.115072; -0.412615; -2.80088; -0.123903; -8.46609e-05; 3.66415e-05; 0; 0
6.736; -2.85547; -0.114451; -0.433385; -2.80088; -0.123903; -8.86303e-05; 3.87974e-05; 0; 0
6.752; -2.85694; -0.11377; -0.423692; -2.80088; -0.123903; -9.18894e-05; 4.25194e-05; 0; 0
6.768; -2.85812; -0.113238; -0.415385; -2.80088; -0.123903; -7.38377e-05; 3.33015e-05; 0; 0
6.784; -2.85938; -0.112686; -0.415385; -2.80088; -0.123903; -7.82292e-05; 3.45028e-05; 0; 0
6.8; -2.86036; -0.11225; -0.420923; -2.80088; -0.123903; -6.17599e-05; 2.72391e-05; 0; 0
6.816; -2.86197; -0.111529; -0.419538; -2.80088; -0.123903; -0.000100627; 4.50485e-05; 0; 0
6.832; -2.86299; -0.111074; -0.404308; -2.80088; -0.123903; -6.37011e-05; 2.84119e-05; 0; 0
6.848; -2.86382; -0.11072; -0.402923; -2.80088; -0.123903; -5.17148e-05; 2.21278e-05; 0; 0
6.864; -2.86498; -0.110226; -0.412615; -2.80088; -0.123903; -7.24436e-05; 3.08786e-05; 0; 0
6.88; -2.86577; -0.10988; -0.418154; -2.80088; -0.123903; -4.94681e-05; 2.16544e-05; 0; 0
6.896; -2.86636; -0.109617; -0.409846; -2.80088; -0.123903; -3.70105e-05; 1.6446e-05; 0; 0
6.912; -2.86725; -0.109229; -0.405692; -2.80088; -0.123903; -5.57188e-05; 2.42069e-05; 0; 0
6.928; -2.86792; -0.108945; -0.427846; -2.80088; -0.123903; -4.13473e-05; 1.77595e-05; 0; 0
6.944; -2.86857; -0.108647; -0.422308; -2.80088; -0.123903; -4.09438e-05; 1.8671e-05; 0; 0
6.96; -2.86929; -0.108322; -0.433385; -2.80088; -0.123903; -4.51512e-05; 2.02884e-05; 0; 0
6.976; -2.86985; -0.108065; -0.426462; -2.80088; -0.123903; -3.47138e-05; 1.60629e-05; 0; 0
6.992; -2.87073; -0.107663; -0.441692; -2.80088; -0.123903; -5.53089e-05; 2.51294e-05; 0; 0
7.008; -2.87116; -0.107463; -0.437538; -2.80088; -0.123903; -2.64429e-05; 1.25035e-05; 0; 0
7.024; -2.87161; -0.107249; -0.429231; -2.80088; -0.123903; -2.85326e-05; 1.33469e-05; 0; 0
7.04; -2.8723; -0.106935; -0.430615; -2.80088; -0.123903; -4.29638e-05; 1.; 903224; 0.163385; -2.85381; 0.0615817; 1.78065e-05; 2.63237e-06; 0; 0
7.056; -2.83491; 0.0603458; 0.166154; -2.85381; 0.0615817; 8.88014e-06; 1.46393e-06; 0; 0
7.072; -2.83408; 0.0575503; 0.168923; -2.83407; 0.0575189; 0.000178485; -0.000693529; 0; 0
7.088; -2.8339; 0.0575805; 0.175846; -2.83407; 0.0575189; 1.10899e-05; 1.89136e-06; 0; 0
7.104; -2.83415; 0.0575364; 0.191077; -2.83407; 0.0575189; -1.55071e-05; -2.75533e-06; 0; 0
7.12; -2.83383; 0.057598; 0.189692; -2.83407; 0.0575189; 1.98815e-05; 3.84581e-06; 0; 0
7.136; -2.83362; 0.0576387; 0.198; -2.83407; 0.0575189; 1.32578e-05; 2.54552e-06; 0; 0
7.152; -2.83348; 0.057667; 0.209077; -2.83407; 0.0575189; 8.82416e-06; 1.77038e-06; 0; 0
7.168; -2.83348; 0.057667; 0.206308; -2.83407; 0.0575189; 0; 0; 0; 0
7.184; -2.83351; 0.0576597; 0.216; -2.83407; 0.0575189; -2.20229e-06; -4.60906e-07; 0; 0
7.2; -2.83334; 0.0576982; 0.217385; -2.83407; 0.0575189; 1.09886e-05; 2.41115e-06; 0; 0
7.216; -2.83327; 0.0577138; 0.220154; -2.83407; 0.0575189; 4.39409e-06; 9.70544e-07; 0; 0
7.232; -2.83323; 0.0577216; 0.224308; -2.83407; 0.0575189; 2.19569e-06; 4.91354e-07; 0; 0
7.248; -2.8333; 0.0577056; 0.232615; -2.83407; 0.0575189; -4.38727e-06; -1.00094e-06; 0; 0
7.264; -2.8332; 0.0577305; 0.234; -2.83407; 0.0575189; 6.5682e-06; 1.55603e-06; 0; 0
7.28; -2.83302; 0.0577722; 0.232615; -2.83407; 0.0575189; 1.09434e-05; 2.60854e-06; 0; 0
7.296; -2.83295; 0.0577888; 0.254769; -2.83407; 0.0575189; 4.3788e-06; 1.03735e-06; 0; 0
7.312; -2.83267; 0.0578614; 0.249231; -2.83407; 0.0575189; 1.7419e-05; 4.5364e-06; 0; 0
7.328; -2.83271; 0.0578525; 0.253385; -2.83407; 0.0575189; -2.18048e-06; -5.54982e-07; 0; 0
7.344; -2.83274; 0.0578435; 0.257538; -2.83407; 0.0575189; -2.17816e-06; -5.64034e-07; 0; 0
7.36; -2.83264; 0.057871; 0.258923; -2.83407; 0.0575189; 6.52738e-06; 1.71923e-06; 0; 0
7.376; -2.83239; 0.0579356; 0.265846; -2.83407; 0.0575189; 1.5225e-05; 4.03262e-06; 0; 0
7.392; -2.83236; 0.057945; 0.256154; -2.83407; 0.0575189; 2.17096e-06; 5.91133e-07; 0; 0
7.408; -2.83246; 0.0579176; 0.268615; -2.83407; 0.0575189; -6.52976e-06; -1.71019e-06; 0; 0
7.424; -2.83212; 0.0580132; 0.271385; -2.83407; 0.0575189; 2.16931e-05; 5.97143e-06; 0; 0
7.44; -2.83243; 0.0579263; 0.281077; -2.83407; 0.0575189; -1.95089e-05; -5.42833e-06; 0; 0
7.456; -2.83243; 0.0579263; 0.281077; -2.83407; 0.0575189; 0; 0; 0; 0
7.472; -2.83194; 0.0580661; 0.286615; -2.83407; 0.0575189; 3.02639e-05; 8.7378e-06; 0; 0
7.488; -2.83198; 0.058056; 0.282462; -2.83407; 0.0575189; -2.15821e-06; -6.36091e-07; 0; 0
7.504; -2.83184; 0.0580961; 0.279692; -2.83407; 0.0575189; 8.64335e-06; 2.50848e-06; 0; 0
7.52; -2.83181; 0.058106; 0.283846; -2.83407; 0.0575189; 2.16257e-06; 6.21135e-07; 0; 0
7.536; -2.83188; 0.0580859; 0.292154; -2.83407; 0.0575189; -4.31993e-06; -1.26022e-06; 0; 0
7.552; -2.83146; 0.0582103; 0.292154; -2.83407; 0.0575189; 2.58559e-05; 7.77642e-06; 0; 0
7.568; -2.83167; 0.0581481; 0.294923; -2.83407; 0.0575189; -1.29279e-05; -3.88821e-06; 0; 0
7.584; -2.8315; 0.0582004; 0.290769; -2.83407; 0.0575189; 1.07643e-05; 3.27e-06; 0; 0
7.6; -2.83108; 0.0583243; 0.293538; -2.83407; 0.0575189; 2.58666e-05; 7.74061e-06; 0; 0
7.616; -2.83101; 0.0583451; 0.296308; -2.83407; 0.0575189; 4.30752e-06; 1.30204e-06; 0; 0
7.632; -2.83077; 0.0584187; 0.289385; -2.83407; 0.0575189; 1.50636e-05; 4.59886e-06; 0; 0
7.648; -2.83094; 0.0583673; 0.304615; -2.83407; 0.0575189; -1.07822e-05; -3.21033e-06; 0; 0
7.664; -2.83074; 0.0584321; 0.304615; -2.83407; 0.0575189; 1.28785e-05; 4.049e-06; 0; 0
7.68; -2.83043; 0.0585293; 0.300462; -2.83407; 0.0575189; 1.93177e-05; 6.07351e-06; 0; 0
7.696; -2.83015; 0.0586145; 0.294923; -2.83407; 0.0575189; 1.71936e-05; 5.3273e-06; 0; 0
7.712; -2.83022; 0.0585936; 0.306; -2.83407; 0.0575189; -4.30571e-06; -1.308e-06; 0; 0
7.728; -2.83002; 0.0586586; 0.303231; -2.83407; 0.0575189; 1.28729e-05; 4.06683e-06; 0; 0
7.744; -2.83002; 0.0586586; 0.294923; -2.83407; 0.0575189; -5.30303e-19; -1.65921e-19; 0; 0
7.76; -2.82988; 0.0587005; 0.300462; -2.83407; 0.0575189; 8.61142e-06; 2.616e-06; 0; 0
7.776; -2.82957; 0.0587964; 0.293538195639; 1.92502e-06; 1.16481e-06; 0; 0
7.776; -2.89333; 0.110631; 0.542769; -2.88003; 0.118639; 7.73216e-06; 4.60583e-06; 0; 0
7.792; -2.89339; 0.110593; 0.534462; -2.88003; 0.118639; -3.85327e-06; -2.32429e-06; 0; 0
7.808; -2.89305; 0.110795; 0.524769; -2.88003; 0.118639; 2.12984e-05; 1.26071e-05; 0; 0
7.824; -2.89271; 0.110993; 0.520615; -2.88003; 0.118639; 2.14196e-05; 1.24001e-05; 0; 0
7.84; -2.89243; 0.111155; 0.524769; -2.88003; 0.118639; 1.75671e-05; 1.00726e-05; 0; 0
7.856; -2.89212; 0.111335; 0.535846; -2.88003; 0.118639; 1.94724e-05; 1.12728e-05; 0; 0
7.872; -2.89202; 0.11139; 0.531692; -2.88003; 0.118639; 5.8039e-06; 3.44634e-06; 0; 0
7.888; -2.89171; 0.111573; 0.54; -2.88003; 0.118639; 1.93939e-05; 1.14073e-05; 0; 0
7.904; -2.89159; 0.111647; 0.528923; -2.88003; 0.118639; 7.71938e-06; 4.62722e-06; 0; 0
7.92; -2.89097; 0.11201; 0.526154; -2.88003; 0.118639; 3.88508e-05; 2.27072e-05; 0; 0
7.936; -2.89094; 0.112028; 0.530308; -2.88003; 0.118639; 1.94568e-06; 1.12998e-06; 0; 0
7.952; -2.89057; 0.112247; 0.513692; -2.88003; 0.118639; 2.32916e-05; 1.36566e-05; 0; 0
7.968; -2.89028; 0.112406; 0.517846; -2.88003; 0.118639; 1.76365e-05; 9.95078e-06; 0; 0
7.984; -2.88972; 0.112727; 0.526154; -2.88003; 0.118639; 3.51899e-05; 2.00479e-05; 0; 0
8; -2.88972; 0.112727; 0.512308; -2.88003; 0.118639; -1.80187e-19; -1.04646e-19; 0; 0
8.016; -2.88906; 0.113097; 0.513692; -2.88003; 0.118639; 4.11838e-05; 2.31615e-05; 0; 0
8.032; -2.88859; 0.113363; 0.515077; -2.88003; 0.118639; 2.93941e-05; 1.65846e-05; 0; 0
8.048; -2.88822; 0.113575; 0.501231; -2.88003; 0.118639; 2.34969e-05; 1.33002e-05; 0; 0
8.064; -2.88793; 0.113731; 0.508154; -2.88003; 0.118639; 1.77591e-05; 9.73023e-06; 0; 0
8.08; -2.88863; 0.113497; 0.504; -2.88864; 0.113494; -0.000216369; -8.17021e-05; 0; 0
8.096; -2.8879; 0.113897; 0.513692; -2.88864; 0.113494; 4.53153e-05; 2.49917e-05; 0; 0
8.112; -2.88772; 0.114003; 0.491538; -2.88864; 0.113494; 1.17576e-05; 6.63385e-06; 0; 0
8.128; -2.88727; 0.114241; 0.508154; -2.88864; 0.113494; 2.77706e-05; 1.48675e-05; 0; 0
8.144; -2.88689; 0.114451; 0.494308; -2.88864; 0.113494; 2.35884e-05; 1.31373e-05; 0; 0
8.16; -2.8861; 0.114878; 0.487385; -2.88864; 0.113494; 4.95167e-05; 2.66863e-05; 0; 0
8.176; -2.88566; 0.115114; 0.487385; -2.88864; 0.113494; 2.78322e-05; 1.4752e-05; 0; 0
8.192; -2.88524; 0.115334; 0.488769; -2.88864; 0.113494; 2.58442e-05; 1.36983e-05; 0; 0
8.208; -2.88477; 0.115587; 0.487385; -2.88864; 0.113494; 2.97983e-05; 1.5847e-05; 0; 0
8.224; -2.88435; 0.115806; 0.474923; -2.88864; 0.113494; 2.58442e-05; 1.36983e-05; 0; 0
8.24; -2.88374; 0.116119; 0.473538; -2.88864; 0.113494; 3.80188e-05; 1.95483e-05; 0; 0
8.256; -2.88314; 0.116431; 0.469385; -2.88864; 0.113494; 3.80458e-05; 1.94956e-05; 0; 0
8.272; -2.88262; 0.116691; 0.472154; -2.88864; 0.113494; 3.21065e-05; 1.62842e-05; 0; 0
8.288; -2.88185; 0.117084; 0.480462; -2.88864; 0.113494; 4.80919e-05; 2.45595e-05; 0; 0
8.304; -2.88144; 0.117301; 0.473538; -2.88864; 0.113494; 2.59384e-05; 1.3519e-05; 0; 0
8.32; -2.8807; 0.117678; 0.483231; -2.88864; 0.113494; 4.60554e-05; 2.36e-05; 0; 0
8.336; -2.88041; 0.117829; 0.479077; -2.88864; 0.113494; 1.79313e-05; 9.40901e-06; 0; 0
8.352; -2.8799; 0.118094; 0.476308; -2.88864; 0.113494; 3.19471e-05; 1.65946e-05; 0; 0
8.368; -2.87929; 0.118408; 0.474923; -2.88864; 0.113494; 3.79917e-05; 1.96009e-05; 0; 0
8.384; -2.87869; 0.118721; 0.462462; -2.88864; 0.113494; 3.80188e-05; 1.95483e-05; 0; 0
8.4; -2.87801; 0.119058; 0.461077; -2.88864; 0.113494; 4.22867e-05; 2.10807e-05; 0; 0
8.416; -2.87782; 0.119154; 0.455538; -2.88864; 0.113494; 1.20902e-05; 6.00632e-06; 0; 0
8.432; -2.87704; 0.119534; 0.458308; -2.88864; 0.113494; 4.84933e-05; 2.37571e-05; 0; 0
8.448; -2.87652; 0.119789; 0.458308; -2.88864; 0.113494; 3.22849e-05; 1.59275e-05; 0; 0
8.464; -2.87627; 0.119917; 0.452769; -2.88864; 0.113494; 1.61424e-05; 7.96376e-06; 0; 0
8.48; -2.87559; 0.120247; 0.448615; -2.88864; 0.113494; 4.2489e-05; 2.06699e-05; 0; 0
8.496; -2.87484; 0.120606; 0.441692; -2.88864; 0.113494; 4.66293e-05; 2.24449e-05; 0; 0
8.512; -2.87448; 0.120776; 0.43476; 1.7888864; 0.113494; 2.23747e-05; 1.05799e-05; 0; 0
8.528; -2.8735; 0.121231; 0.429231; -2.88864; 0.113494; 6.12203e-05; 2.84311e-05; 0; 0
8.544; -2.87298; 0.12147; 0.429231; -2.88864; 0.113494; 3.27343e-05; 1.49822e-05; 0; 0
8.56; -2.87252; 0.12168; 0.434769; -2.88864; 0.113494; 2.86425e-05; 1.31094e-05; 0; 0
8.576; -2.87183; 0.121998; 0.425077; -2.88864; 0.113494; 4.28542e-05; 1.99018e-05; 0; 0
8.592; -2.87115; 0.12231; 0.429231; -2.88864; 0.113494; 4.30451e-05; 1.94855e-05; 0; 0
8.608; -2.87056; 0.12258; 0.420923; -2.88864; 0.113494; 3.68261e-05; 1.68549e-05; 0; 0
8.624; -2.86967; 0.122977; 0.416769; -2.88864; 0.113494; 5.54473e-05; 2.48226e-05; 0; 0
8.64; -2.86918; 0.123196; 0.426462; -2.88864; 0.113494; 3.08611e-05; 1.36623e-05; 0; 0
8.656; -2.86842; 0.123538; 0.416769; -2.88864; 0.113494; 4.7115e-05; 2.14065e-05; 0; 0
8.672; -2.8677; 0.123859; 0.416769; -2.88864; 0.113494; 4.52629e-05; 2.0038e-05; 0; 0
8.688; -2.86687; 0.124223; 0.409846; -2.88864; 0.113494; 5.14351e-05; 2.27705e-05; 0; 0
8.704; -2.86648; 0.124395; 0.398769; -2.88864; 0.113494; 2.47639e-05; 1.07586e-05; 0; 0
8.72; -2.86555; 0.124787; 0.401538; -2.88864; 0.113494; 5.8057e-05; 2.44619e-05; 0; 0
8.736; -2.86505; 0.124998; 0.397385; -2.88864; 0.113494; 3.10656e-05; 1.31907e-05; 0; 0
8.752; -2.86412; 0.125388; 0.397385; -2.88864; 0.113494; 5.80908e-05; 2.43815e-05; 0; 0
8.768; -2.86353; 0.125639; 0.389077; -2.88864; 0.113494; 3.73441e-05; 1.56738e-05; 0; 0
8.784; -2.86303; 0.125843; 0.384923; -2.88864; 0.113494; 3.12275e-05; 1.28025e-05; 0; 0
8.8; -2.86236; 0.126114; 0.384923; -2.88864; 0.113494; 4.17072e-05; 1.6897e-05; 0; 0
8.816; -2.86142; 0.126492; 0.384923; -2.88864; 0.113494; 5.83901e-05; 2.36557e-05; 0; 0
8.832; -2.86056; 0.126844; 0.373846; -2.88864; 0.113494; 5.42194e-05; 2.1966e-05; 0; 0
8.848; -2.85999; 0.127067; 0.369692; -2.88864; 0.113494; 3.56081e-05; 1.39688e-05; 0; 0
8.864; -2.85905; 0.127431; 0.369692; -2.88864; 0.113494; 5.87436e-05; 2.27637e-05; 0; 0
8.88; -2.85824; 0.127744; 0.372462; -2.88864; 0.113494; 5.03517e-05; 1.95117e-05; 0; 0
8.896; -2.8576; 0.127993; 0.373846; -2.88864; 0.113494; 3.98188e-05; 1.55571e-05; 0; 0
8.912; -2.85677; 0.128321; 0.361385; -2.88864; 0.113494; 5.23648e-05; 2.05424e-05; 0; 0
8.928; -2.85596; 0.128627; 0.355846; -2.88864; 0.113494; 5.0512e-05; 1.90928e-05; 0; 0
8.944; -2.85488; 0.129028; 0.358615; -2.88864; 0.113494; 6.74893e-05; 2.50836e-05; 0; 0
8.96; -2.85447; 0.12918; 0.358615; -2.88864; 0.113494; 2.52824e-05; 9.47641e-06; 0; 0
8.976; -2.85377; 0.129445; 0.36; -2.88864; 0.113494; 4.42441e-05; 1.65837e-05; 0; 0
8.992; -2.85302; 0.129724; 0.351692; -2.88864; 0.113494; 4.63269e-05; 1.74376e-05; 0; 0
9.008; -2.85198; 0.130108; 0.342; -2.88864; 0.113494; 6.54807e-05; 2.4028e-05; 0; 0
9.024; -2.85126; 0.130362; 0.346154; -2.88864; 0.113494; 4.45136e-05; 1.58463e-05; 0; 0
9.04; -2.85038; 0.13068; 0.351692; -2.88864; 0.113494; 5.503e-05; 1.9848e-05; 0; 0
9.056; -2.84981; 0.13089; 0.344769; -2.88864; 0.113494; 3.59088e-05; 1.31766e-05; 0; 0
9.072; -2.849; 0.131182; 0.350308; -2.88864; 0.113494; 5.08223e-05; 1.82509e-05; 0; 0
9.088; -2.84869; 0.13124; 0.344769; -2.8487; 0.131239; -7.24804e-05; -3.92585e-05; 0; 0
9.104; -2.84829; 0.131386; 0.342; -2.8487; 0.131239; 2.54111e-05; 9.12545e-06; 0; 0
9.12; -2.84727; 0.131748; 0.339231; -2.8487; 0.131239; 6.35908e-05; 2.26376e-05; 0; 0
9.136; -2.84673; 0.13194; 0.353077; -2.8487; 0.131239; 3.39484e-05; 1.19794e-05; 0; 0
9.152; -2.84578; 0.132289; 0.347538; -2.8487; 0.131239; 5.91137e-05; 2.17846e-05; 0; 0
9.168; -2.84524; 0.132485; 0.353077; -2.8487; 0.131239; 3.38477e-05; 1.2261e-05; 0; 0
9.184; -2.8449; 0.132609; 0.355846; -2.8487; 0.131239; 2.1112e-05; 7.7802e-06; 0; 0
9.2; -2.84413; 0.132898; 0.357231; -2.8487; 0.131239; 4.8508e-05; 1.80289e-05; 0; 0
9.216; -2.84345; 0.13315; 0.340615; -2.8487; 0.131239; 4.21591e-05; 1.57357e-05; 0; 0
9.232; -2.84267; 0.133426; 0.353077; -2.8487; 0.131239; 4.87769e-05; 1.7288e-05; 0; 0
9.248; -2.84213; 0.133625; 0.361385; -2.8487; 0.131239; 3.37793e-05; 1.24483e-05; 0; 0
9.264; -2.84146; 0.13388; 0.361385; -2.8487; 0.13123 1.77; 024e-05; 1.59106e-05; 0; 0
9.28; -2.84105; 0.134033; 0.347538; -2.8487; 0.131239; 2.5256e-05; 9.54638e-06; 0; 0
9.296; -2.84058; 0.134204; 0.347538; -2.8487; 0.131239; 2.96167e-05; 1.07284e-05; 0; 0
9.312; -2.84014; 0.134364; 0.346154; -2.8487; 0.131239; 2.75013e-05; 9.9621e-06; 0; 0
9.328; -2.83963; 0.134547; 0.350308; -2.8487; 0.131239; 3.17481e-05; 1.14508e-05; 0; 0
9.344; -2.83906; 0.134757; 0.351692; -2.8487; 0.131239; 3.5927e-05; 1.31269e-05; 0; 0
9.36; -2.83845; 0.13498; 0.348923; -2.8487; 0.131239; 3.8021e-05; 1.39517e-05; 0; 0
9.376; -2.83818; 0.135079; 0.337846; -2.8487; 0.131239; 1.69153e-05; 6.15395e-06; 0; 0
9.392; -2.83746; 0.135329; 0.350308; -2.8487; 0.131239; 4.4579e-05; 1.56613e-05; 0; 0
9.408; -2.83709; 0.135465; 0.346154; -2.8487; 0.131239; 2.32469e-05; 8.49387e-06; 0; 0
9.424; -2.83652; 0.135673; 0.355846; -2.8487; 0.131239; 3.59812e-05; 1.29775e-05; 0; 0
9.44; -2.83631; 0.135748; 0.344769; -2.8487; 0.131239; 1.26543e-05; 4.70318e-06; 0; 0
9.456; -2.83547; 0.136052; 0.343385; -2.8487; 0.131239; 5.29399e-05; 1.90113e-05; 0; 0
9.472; -2.83503; 0.13621; 0.342; -2.8487; 0.131239; 2.75424e-05; 9.84777e-06; 0; 0
9.488; -2.83462; 0.136355; 0.342; -2.8487; 0.131239; 2.54363e-05; 9.05504e-06; 0; 0
9.504; -2.83394; 0.136596; 0.342; -2.8487; 0.131239; 4.23939e-05; 1.50917e-05; 0; 0
9.52; -2.83367; 0.136693; 0.344769; -2.8487; 0.131239; 1.69575e-05; 6.03669e-06; 0; 0
9.536; -2.83286; 0.136985; 0.342; -2.8487; 0.131239; 5.08223e-05; 1.82509e-05; 0; 0
9.552; -2.83262; 0.137069; 0.337846; -2.8487; 0.131239; 1.48379e-05; 5.28211e-06; 0; 0
9.568; -2.8318; 0.137356; 0.335077; -2.8487; 0.131239; 5.09474e-05; 1.78986e-05; 0; 0
9.584; -2.8314; 0.137498; 0.332308; -2.8487; 0.131239; 2.54984e-05; 8.87873e-06; 0; 0
9.6; -2.83099; 0.137639; 0.340615; -2.8487; 0.131239; 2.55229e-05; 8.80808e-06; 0; 0
9.616; -2.83027; 0.137891; 0.344769; -2.8487; 0.131239; 4.45355e-05; 1.57847e-05; 0; 0
9.632; -2.83004; 0.137976; 0.329538; -2.8487; 0.131239; 1.48232e-05; 5.32318e-06; 0; 0
9.648; -2.82949; 0.138163; 0.329538; -2.8487; 0.131239; 3.40629e-05; 1.16498e-05; 0; 0
9.664; -2.82902; 0.138326; 0.337846; -2.8487; 0.131239; 2.9805e-05; 1.01936e-05; 0; 0
9.68; -2.82861; 0.138469; 0.329538; -2.8487; 0.131239; 2.54737e-05; 8.94931e-06; 0; 0
9.696; -2.82782; 0.138737; 0.333692; -2.8487; 0.131239; 4.89654e-05; 1.67466e-05; 0; 0
9.712; -2.82755; 0.138831; 0.330923; -2.8487; 0.131239; 1.70071e-05; 5.89561e-06; 0; 0
9.728; -2.82691; 0.139054; 0.329538; -2.8487; 0.131239; 4.04305e-05; 1.38902e-05; 0; 0
9.744; -2.82619; 0.139298; 0.333692; -2.8487; 0.131239; 4.47076e-05; 1.52904e-05; 0; 0
9.76; -2.82585; 0.139416; 0.333692; -2.8487; 0.131239; 2.12589e-05; 7.36951e-06; 0; 0
9.776; -2.82534; 0.139593; 0.332308; -2.8487; 0.131239; 3.18883e-05; 1.10543e-05; 0; 0
9.792; -2.8248; 0.139781; 0.332308; -2.8487; 0.131239; 3.40305e-05; 1.17441e-05; 0; 0
9.808; -2.82425; 0.139969; 0.324; -2.8487; 0.131239; 3.40305e-05; 1.17441e-05; 0; 0
9.824; -2.82391; 0.140083; 0.340615; -2.8487; 0.131239; 2.13293e-05; 7.16312e-06; 0; 0
9.84; -2.82347; 0.14024; 0.339231; -2.8487; 0.131239; 2.75696e-05; 9.77147e-06; 0; 0
9.856; -2.8232; 0.140336; 0.322615; -2.8487; 0.131239; 1.69742e-05; 5.98971e-06; 0; 0
9.872; -2.82238; 0.140609; 0.333692; -2.8487; 0.131239; 5.12141e-05; 1.71206e-05; 0; 0
9.888; -2.82214; 0.140692; 0.315692; -2.8487; 0.131239; 1.48812e-05; 5.15866e-06; 0; 0
9.904; -2.8218; 0.140804; 0.318462; -2.8487; 0.131239; 2.13881e-05; 6.98568e-06; 0; 0
9.92; -2.82139; 0.140939; 0.310154; -2.8487; 0.131239; 2.56424e-05; 8.45386e-06; 0; 0
9.936; -2.8207; 0.141159; 0.326769; -2.8487; 0.131239; 4.28529e-05; 1.37342e-05; 0; 0
9.952; -2.82012; 0.141355; 0.325385; -2.8487; 0.131239; 3.6226e-05; 1.22777e-05; 0; 0
9.968; -2.81961; 0.141528; 0.312923; -2.8487; 0.131239; 3.19791e-05; 1.0789e-05; 0; 0
9.984; -2.81923; 0.14165; 0.319846; -2.8487; 0.131239; 2.35481e-05; 7.61907e-06; 0; 0
10; -2.81875; 0.141808; 0.319846; -2.8487; 0.131239; 2.99024e-05; 9.90425e-06; 0; 0
10.016; -2.81821; 0.141989; 0.325385; -2.8487; 0.131239; 3.41742e-05; 1.13191e-05; 0; 0
10.032; -2.8173138; 5; 0 0. 0.314308; -2.8487; 0.131239; 4.26388e-05; 1.43853e-05; 0; 0
10.048; -2.81708; 0.142364; 0.321231; -2.8487; 0.131239; 2.78171e-05; 9.04288e-06; 0; 0
10.064; -2.81653; 0.142546; 0.324; -2.8487; 0.131239; 3.41585e-05; 1.13664e-05; 0; 0
10.08; -2.81626; 0.142638; 0.318462; -2.8487; 0.131239; 1.70635e-05; 5.7305e-06; 0; 0
10.096; -2.81547; 0.143148; 0.317077; -2.81547; 0.143149; 0.00010615; 9.19906e-05; 0; 0
10.112; -2.81472; 0.143394; 0.314308; -2.81547; 0.143149; 4.70325e-05; 1.54336e-05; 0; 0
10.128; -2.81428; 0.143539; 0.312923; -2.81547; 0.143149; 2.78171e-05; 9.04288e-06; 0; 0
10.144; -2.814; 0.143628; 0.301846; -2.81547; 0.143149; 1.71259e-05; 5.54114e-06; 0; 0
10.16; -2.81349; 0.143788; 0.300462; -2.81547; 0.143149; 3.22241e-05; 1.00333e-05; 0; 0
10.176; -2.8129; 0.143969; 0.307385; -2.81547; 0.143149; 3.65364e-05; 1.13205e-05; 0; 0
10.192; -2.81242; 0.144122; 0.296308; -2.81547; 0.143149; 3.00235e-05; 9.53086e-06; 0; 0
10.208; -2.81173; 0.144332; 0.312923; -2.81547; 0.143149; 4.3039e-05; 1.31396e-05; 0; 0
10.224; -2.81136; 0.144454; 0.306; -2.81547; 0.143149; 2.35481e-05; 7.61907e-06; 0; 0
10.24; -2.81098; 0.144573; 0.296308; -2.81547; 0.143149; 2.36003e-05; 7.45586e-06; 0; 0
10.256; -2.81053; 0.14471; 0.294923; -2.81547; 0.143149; 2.79753e-05; 8.54073e-06; 0; 0
10.272; -2.8097; 0.144961; 0.303231; -2.81547; 0.143149; 5.16685e-05; 1.5696e-05; 0; 0
10.288; -2.80919; 0.145122; 0.293538; -2.81547; 0.143149; 3.22102e-05; 1.00779e-05; 0; 0
10.304; -2.80874; 0.145258; 0.297692; -2.81547; 0.143149; 2.79989e-05; 8.46323e-06; 0; 0
10.32; -2.80812; 0.145448; 0.300462; -2.81547; 0.143149; 3.87186e-05; 1.18792e-05; 0; 0
10.336; -2.80747; 0.14565; 0.299077; -2.81547; 0.143149; 4.08348e-05; 1.26523e-05; 0; 0
10.352; -2.80719; 0.145735; 0.279692; -2.81547; 0.143149; 1.7201e-05; 5.30349e-06; 0; 0
10.368; -2.80643; 0.145954; 0.288; -2.81547; 0.143149; 4.75765e-05; 1.3665e-05; 0; 0
10.384; -2.80626; 0.146005; 0.281077; -2.81547; 0.143149; 1.07867e-05; 3.1954e-06; 0; 0
10.4; -2.80574; 0.146155; 0.285231; -2.81547; 0.143149; 3.24256e-05; 9.36193e-06; 0; 0
10.416; -2.80498; 0.146378; 0.293538; -2.81547; 0.143149; 4.75e-05; 1.39283e-05; 0; 0
10.432; -2.80467; 0.146471; 0.283846; -2.81547; 0.143149; 1.93838e-05; 5.85916e-06; 0; 0
10.448; -2.80374; 0.146744; 0.293538; -2.81547; 0.143149; 5.83191e-05; 1.7013e-05; 0; 0
10.464; -2.80318; 0.14691; 0.282462; -2.81547; 0.143149; 3.44601e-05; 1.04163e-05; 0; 0
10.48; -2.80301; 0.14696; 0.283846; -2.81547; 0.143149; 1.08042e-05; 3.13561e-06; 0; 0
10.496; -2.80222; 0.147192; 0.285231; -2.81547; 0.143149; 4.96792e-05; 1.44926e-05; 0; 0
10.512; -2.80153; 0.147395; 0.285231; -2.81547; 0.143149; 4.31819e-05; 1.26621e-05; 0; 0
10.528; -2.80125; 0.147476; 0.282462; -2.81547; 0.143149; 1.72727e-05; 5.06482e-06; 0; 0
10.544; -2.80052; 0.147687; 0.275538; -2.81547; 0.143149; 4.53776e-05; 1.31695e-05; 0; 0
10.56; -2.80004; 0.147824; 0.278308; -2.81547; 0.143149; 3.03118e-05; 8.57005e-06; 0; 0
10.576; -2.79948; 0.147982; 0.267231; -2.81547; 0.143149; 3.46148e-05; 9.89024e-06; 0; 0
10.592; -2.79872; 0.148191; 0.27; -2.81547; 0.143149; 4.7743e-05; 1.3071e-05; 0; 0
10.608; -2.7982; 0.148335; 0.274154; -2.81547; 0.143149; 3.25273e-05; 9.00219e-06; 0; 0
10.624; -2.79785; 0.148433; 0.260308; -2.81547; 0.143149; 2.16597e-05; 6.09148e-06; 0; 0
10.64; -2.79719; 0.148609; 0.278308; -2.81547; 0.143149; 4.13098e-05; 1.10029e-05; 0; 0
10.656; -2.79633; 0.148856; 0.274154; -2.81547; 0.143149; 5.40856e-05; 1.54535e-05; 0; 0
10.672; -2.79605; 0.148934; 0.271385; -2.81547; 0.143149; 1.73278e-05; 4.87318e-06; 0; 0
10.688; -2.79522; 0.149166; 0.265846; -2.81547; 0.143149; 5.20236e-05; 1.44755e-05; 0; 0
10.704; -2.7947; 0.149307; 0.267231; -2.81547; 0.143149; 3.25644e-05; 8.867e-06; 0; 0
10.72; -2.79435; 0.149402; 0.264462; -2.81547; 0.143149; 2.17014e-05; 5.94138e-06; 0; 0
10.736; -2.79425; 0.149431; 0.263077; -2.81547; 0.143149; 6.51533e-06; 1.76438e-06; 0; 0
10.752; -2.79327; 0.149693; 0.263077; -2.81547; 0.143149; 6.08324e-05; 1.63833e-05; 0; 0
10.768; -2.79237; 0.149936; 0.265846; -2.81547; 0.143149; 5.64873e; -2.77; -0.6945; 0; 0
10.784; -2.79223; 0.149974; 0.276923; -2.81547; 0.143149; 8.68383e-06; 2.36453e-06; 0; 0
10.8; -2.79157; 0.150161; 0.264462; -2.81547; 0.143149; 4.11213e-05; 1.16877e-05; 0; 0
10.816; -2.79108; 0.150293; 0.264462; -2.81547; 0.143149; 3.04049e-05; 8.23377e-06; 0; 0
10.832; -2.79056; 0.150434; 0.263077; -2.81547; 0.143149; 3.25766e-05; 8.8219e-06; 0; 0
10.848; -2.78994; 0.150602; 0.265846; -2.81547; 0.143149; 3.91066e-05; 1.05321e-05; 0; 0
10.864; -2.78956; 0.150706; 0.264462; -2.81547; 0.143149; 2.38805e-05; 6.50246e-06; 0; 0
10.88; -2.78897; 0.150866; 0.260308; -2.81547; 0.143149; 3.69202e-05; 9.99815e-06; 0; 0
10.896; -2.78855; 0.150978; 0.260308; -2.81547; 0.143149; 2.60904e-05; 6.9492e-06; 0; 0
10.912; -2.78803; 0.151117; 0.258923; -2.81547; 0.143149; 3.2613e-05; 8.6865e-06; 0; 0
10.928; -2.78736; 0.151292; 0.263077; -2.81547; 0.143149; 4.1325e-05; 1.09457e-05; 0; 0
10.944; -2.78698; 0.151395; 0.258923; -2.81547; 0.143149; 2.38985e-05; 6.43631e-06; 0; 0
10.96; -2.78677; 0.15145; 0.264462; -2.81547; 0.143149; 1.305e-05; 3.45654e-06; 0; 0
10.976; -2.78597; 0.151666; 0.271385; -2.81547; 0.143149; 4.99508e-05; 1.35269e-05; 0; 0
10.992; -2.78556; 0.151782; 0.263077; -2.81547; 0.143149; 2.60118e-05; 7.23777e-06; 0; 0
11.008; -2.78486; 0.15197; 0.260308; -2.81547; 0.143149; 4.34517e-05; 1.17024e-05; 0; 0
11.024; -2.78451; 0.152062; 0.254769; -2.81547; 0.143149; 2.1742e-05; 5.791e-06; 0; 0
11.04; -2.78406; 0.15218; 0.267231; -2.81547; 0.143149; 2.83059e-05; 7.37165e-06; 0; 0
11.056; -2.78365; 0.152294; 0.264462; -2.81547; 0.143149; 2.60417e-05; 7.12966e-06; 0; 0
11.072; -2.78323; 0.152407; 0.261692; -2.81547; 0.143149; 2.60613e-05; 7.05752e-06; 0; 0
11.088; -2.78243; 0.152621; 0.260308; -2.81547; 0.143149; 4.99881e-05; 1.33885e-05; 0; 0
11.104; -2.7823; 0.153078; 0.252; -2.7823; 0.15308; -1.45328e-05; 8.58594e-05; 0; 0
11.12; -2.78202; 0.15315; 0.252; -2.7823; 0.15308; 1.74315e-05; 4.48814e-06; 0; 0
11.136; -2.78125; 0.153347; 0.249231; -2.7823; 0.15308; 4.79366e-05; 1.23424e-05; 0; 0
11.152; -2.78087; 0.153445; 0.261692; -2.7823; 0.15308; 2.39853e-05; 6.1048e-06; 0; 0
11.168; -2.78021; 0.153622; 0.249231; -2.7823; 0.15308; 4.12945e-05; 1.10601e-05; 0; 0
11.184; -2.78; 0.153675; 0.254769; -2.7823; 0.15308; 1.30829e-05; 3.32989e-06; 0; 0
11.2; -2.77927; 0.153866; 0.245077; -2.7823; 0.15308; 4.57248e-05; 1.1908e-05; 0; 0
11.216; -2.77906; 0.153918; 0.250615; -2.7823; 0.15308; 1.30966e-05; 3.27552e-06; 0; 0
11.232; -2.77805; 0.154177; 0.240923; -2.7823; 0.15308; 6.32116e-05; 1.6182e-05; 0; 0
11.248; -2.77763; 0.15428; 0.238154; -2.7823; 0.15308; 2.62202e-05; 6.44218e-06; 0; 0
11.264; -2.77749; 0.154314; 0.243692; -2.7823; 0.15308; 8.74598e-06; 2.12318e-06; 0; 0
11.28; -2.77676; 0.154497; 0.250615; -2.7823; 0.15308; 4.58539e-05; 1.14008e-05; 0; 0
11.296; -2.77651; 0.154559; 0.240923; -2.7823; 0.15308; 1.5258e-05; 3.906e-06; 0; 0
11.312; -2.77571; 0.154757; 0.239538; -2.7823; 0.15308; 5.02554e-05; 1.23475e-05; 0; 0
11.328; -2.77525; 0.154868; 0.240923; -2.7823; 0.15308; 2.84148e-05; 6.93969e-06; 0; 0
11.344; -2.77452; 0.155048; 0.236769; -2.7823; 0.15308; 4.58853e-05; 1.12738e-05; 0; 0
11.36; -2.77434; 0.15509; 0.235385; -2.7823; 0.15308; 1.09361e-05; 2.63884e-06; 0; 0
11.376; -2.77382; 0.155216; 0.250615; -2.7823; 0.15308; 3.28193e-05; 7.87107e-06; 0; 0
11.392; -2.77291; 0.155448; 0.236769; -2.7823; 0.15308; 5.66725e-05; 1.4508e-05; 0; 0
11.408; -2.77267; 0.155508; 0.243692; -2.7823; 0.15308; 1.53106e-05; 3.69437e-06; 0; 0
11.424; -2.77235; 0.155586; 0.239538; -2.7823; 0.15308; 1.96517e-05; 4.88607e-06; 0; 0
11.44; -2.77193; 0.155688; 0.242308; -2.7823; 0.15308; 2.62291e-05; 6.40587e-06; 0; 0
11.456; -2.77123; 0.155861; 0.234; -2.7823; 0.15308; 4.36854e-05; 1.07975e-05; 0; 0
11.472; -2.7705; 0.156036; 0.246462; -2.7823; 0.15308; 4.59623e-05; 1.09559e-05; 0; 0
11.488; -2.77025; 0.156098; 0.242308; -2.7823; 0.15308; 1.52741e-05; 3.84259e-06; 0; 0
11.504; -2.7699; 0.156184; 0.242308; -2.7823; 0.15308; 2.18427e-05; 5.39873e-06; 0; 0
11.52; -2.76917; 0.156366; 0.240923; -2.7823; 0.15308; 4.58697e-05; 1.13373 0
11.23 -0.1411.45-2.76872; 0.156477; 0.236769; -2.7823; 0.15308; 2.84052e-05; 6.97902e-06; 0; 0
11.552; -2.76833; 0.15657; 0.235385; -2.7823; 0.15308; 2.40595e-05; 5.80544e-06; 0; 0
11.568; -2.76805; 0.156637; 0.238154; -2.7823; 0.15308; 1.75036e-05; 4.19791e-06; 0; 0
11.584; -2.76735; 0.156807; 0.235385; -2.7823; 0.15308; 4.37299e-05; 1.06159e-05; 0; 0
11.6; -2.76683; 0.156933; 0.225692; -2.7823; 0.15308; 3.28193e-05; 7.87107e-06; 0; 0
11.616; -2.76616; 0.157086; 0.235385; -2.7823; 0.15308; 4.16658e-05; 9.56664e-06; 0; 0
11.632; -2.76581; 0.15717; 0.227077; -2.7823; 0.15308; 2.18796e-05; 5.24738e-06; 0; 0
11.648; -2.76525; 0.1573; 0.243692; -2.7823; 0.15308; 3.50758e-05; 8.1047e-06; 0; 0
11.664; -2.76483; 0.157404; 0.232615; -2.7823; 0.15308; 2.62022e-05; 6.51476e-06; 0; 0
11.68; -2.76448; 0.157487; 0.229846; -2.7823; 0.15308; 2.1894e-05; 5.18677e-06; 0; 0
11.696; -2.76388; 0.157626; 0.225692; -2.7823; 0.15308; 3.72441e-05; 8.71441e-06; 0; 0
11.712; -2.76325; 0.157771; 0.222923; -2.7823; 0.15308; 3.94729e-05; 9.06314e-06; 0; 0
11.728; -2.7629; 0.157851; 0.225692; -2.7823; 0.15308; 2.19432e-05; 4.97433e-06; 0; 0
11.744; -2.7622; 0.158012; 0.231231; -2.7823; 0.15308; 4.38588e-05; 1.00702e-05; 0; 0
11.76; -2.76185; 0.158095; 0.214615; -2.7823; 0.15308; 2.19012e-05; 5.15645e-06; 0; 0
11.776; -2.76164; 0.158141; 0.234; -2.7823; 0.15308; 1.31903e-05; 2.87512e-06; 0; 0
11.792; -2.76087; 0.158324; 0.211846; -2.7823; 0.15308; 4.8151e-05; 1.14776e-05; 0; 0
11.808; -2.76027; 0.158453; 0.221538; -2.7823; 0.15308; 3.73949e-05; 8.04264e-06; 0; 0
11.824; -2.75992; 0.158532; 0.218769; -2.7823; 0.15308; 2.19501e-05; 4.94394e-06; 0; 0
11.84; -2.75914; 0.158704; 0.221538; -2.7823; 0.15308; 4.83202e-05; 1.07429e-05; 0; 0
11.856; -2.75883; 0.158775; 0.222923; -2.7823; 0.15308; 1.97551e-05; 4.44955e-06; 0; 0
11.872; -2.75851; 0.158847; 0.227077; -2.7823; 0.15308; 1.97489e-05; 4.4769e-06; 0; 0
11.888; -2.75781; 0.159009; 0.218769; -2.7823; 0.15308; 4.38448e-05; 1.01309e-05; 0; 0
11.904; -2.7577; 0.159032; 0.220154; -2.7823; 0.15308; 6.58912e-06; 1.46494e-06; 0; 0
11.92; -2.75693; 0.159205; 0.217385; -2.7823; 0.15308; 4.83053e-05; 1.08098e-05; 0; 0
11.936; -2.75665; 0.159267; 0.222923; -2.7823; 0.15308; 1.75764e-05; 3.88218e-06; 0; 0
11.952; -2.75595; 0.159427; 0.217385; -2.7823; 0.15308; 4.38865e-05; 9.94866e-06; 0; 0
11.968; -2.75542; 0.159543; 0.218769; -2.7823; 0.15308; 3.29557e-05; 7.27908e-06; 0; 0
11.984; -2.75496; 0.159645; 0.222923; -2.7823; 0.15308; 2.85528e-05; 6.34808e-06; 0; 0
12; -2.75444; 0.159764; 0.210462; -2.7823; 0.15308; 3.29149e-05; 7.46149e-06; 0; 0
12.016; -2.75394; 0.159869; 0.216; -2.7823; 0.15308; 3.08049e-05; 6.58071e-06; 0; 0
12.032; -2.75366; 0.159931; 0.210462; -2.7823; 0.15308; 1.75817e-05; 3.85784e-06; 0; 0
12.048; -2.7531; 0.160051; 0.216; -2.7823; 0.15308; 3.52056e-05; 7.52081e-06; 0; 0
12.064; -2.75254; 0.160175; 0.221538; -2.7823; 0.15308; 3.51635e-05; 7.71567e-06; 0; 0
12.08; -2.75243; 0.160198; 0.206308; -2.7823; 0.15308; 6.58503e-06; 1.48318e-06; 0; 0
12.096; -2.75155; 0.160383; 0.210462; -2.7823; 0.15308; 5.50572e-05; 1.15227e-05; 0; 0
12.112; -2.75121; 0.160986; 0.210462; -2.75121; 0.160988; 1.07301e-06; 0.000104554; 0; 0
12.128; -2.75086; 0.161061; 0.216; -2.75121; 0.160988; 2.20035e-05; 4.7005e-06; 0; 0
12.144; -2.75005; 0.161239; 0.217385; -2.75121; 0.160988; 5.05475e-05; 1.10913e-05; 0; 0
12.16; -2.74966; 0.161324; 0.213231; -2.75121; 0.160988; 2.41675e-05; 5.33799e-06; 0; 0
12.176; -2.74913; 0.161439; 0.198; -2.75121; 0.160988; 3.29856e-05; 7.14213e-06; 0; 0
12.192; -2.74839; 0.161587; 0.207692; -2.75121; 0.160988; 4.63268e-05; 9.29449e-06; 0; 0
12.208; -2.74811; 0.161647; 0.221538; -2.75121; 0.160988; 1.76132e-05; 3.71164e-06; 0; 0
12.224; -2.74769; 0.161742; 0.204923; -2.75121; 0.160988; 2.63401e-05; 5.93273e-06; 0; 0
12.24; -2.74698; 0.161888; 0.204923; -2.75121; 0.160988; 4.40584e-05; 9.15713e-06; 0; 0
12.256; -2.7467; 0.161947; 0.204923; -2.75121; 0.160988; 1.76234e-05; 3.66285e-06; 0; 0
12.272; -2.74639; 0.162013; 0.186923; -2.75121; 0.160988; 1.98263e-05; 4.12071e-06; 0; 0
12.288; -2.765; -0.069 0; 08; -2.79; -2.75121; 0.160988; 2.65297e-05; 5.01758e-06; 0; 0
12.304; -2.74508; 0.162272; 0.193846; -2.75121; 0.160988; 5.51201e-05; 1.12176e-05; 0; 0
12.32; -2.74462; 0.162363; 0.198; -2.75121; 0.160988; 2.87022e-05; 5.63456e-06; 0; 0
12.336; -2.74413; 0.162462; 0.195231; -2.75121; 0.160988; 3.08846e-05; 6.19633e-06; 0; 0
12.352; -2.74367; 0.162552; 0.210462; -2.75121; 0.160988; 2.86943e-05; 5.67429e-06; 0; 0
12.368; -2.74328; 0.162635; 0.206308; -2.75121; 0.160988; 2.42039e-05; 5.17055e-06; 0; 0
12.384; -2.74254; 0.16279; 0.193846; -2.75121; 0.160988; 4.6248e-05; 9.67903e-06; 0; 0
12.4; -2.74226; 0.162846; 0.216; -2.75121; 0.160988; 1.76629e-05; 3.46742e-06; 0; 0
12.416; -2.74176; 0.162954; 0.196615; -2.75121; 0.160988; 3.0768e-05; 6.75122e-06; 0; 0
12.432; -2.7412; 0.163066; 0.210462; -2.75121; 0.160988; 3.53064e-05; 7.03264e-06; 0; 0
12.448; -2.74085; 0.163141; 0.204923; -2.75121; 0.160988; 2.20035e-05; 4.7005e-06; 0; 0
12.464; -2.74071; 0.163171; 0.199385; -2.75121; 0.160988; 8.81169e-06; 1.83143e-06; 0; 0
12.48; -2.73982; 0.163349; 0.200769; -2.75121; 0.160988; 5.51356e-05; 1.11412e-05; 0; 0
12.496; -2.73944; 0.163428; 0.191077; -2.75121; 0.160988; 2.42529e-05; 4.93572e-06; 0; 0
12.512; -2.73908; 0.163496; 0.191077; -2.75121; 0.160988; 2.20905e-05; 4.27312e-06; 0; 0
12.528; -2.73848; 0.163612; 0.192462; -2.75121; 0.160988; 3.75539e-05; 7.2643e-06; 0; 0
12.544; -2.73809; 0.163688; 0.193846; -2.75121; 0.160988; 2.4293e-05; 4.73407e-06; 0; 0
12.56; -2.73749; 0.163806; 0.192462; -2.75121; 0.160988; 3.75336e-05; 7.36827e-06; 0; 0
12.576; -2.73721; 0.163861; 0.186923; -2.75121; 0.160988; 1.76677e-05; 3.44296e-06; 0; 0
12.592; -2.73668; 0.163961; 0.191077; -2.75121; 0.160988; 3.31621e-05; 6.27198e-06; 0; 0
12.608; -2.73626; 0.164044; 0.191077; -2.75121; 0.160988; 2.65086e-05; 5.12774e-06; 0; 0
12.624; -2.73551; 0.164187; 0.184154; -2.75121; 0.160988; 4.63901e-05; 8.97355e-06; 0; 0
12.64; -2.73505; 0.164273; 0.182769; -2.75121; 0.160988; 2.87554e-05; 5.35611e-06; 0; 0
12.656; -2.73477; 0.164325; 0.185538; -2.75121; 0.160988; 1.77002e-05; 3.27156e-06; 0; 0
12.672; -2.73406; 0.164458; 0.185538; -2.75121; 0.160988; 4.42277e-05; 8.30141e-06; 0; 0
12.688; -2.73353; 0.164558; 0.192462; -2.75121; 0.160988; 3.31708e-05; 6.22606e-06; 0; 0
12.704; -2.73272; 0.164716; 0.185538; -2.75121; 0.160988; 5.07945e-05; 9.89851e-06; 0; 0
12.72; -2.73237; 0.164782; 0.185538; -2.75121; 0.160988; 2.21138e-05; 4.15071e-06; 0; 0
12.736; -2.73208; 0.164835; 0.191077; -2.75121; 0.160988; 1.76911e-05; 3.32056e-06; 0; 0
12.752; -2.73123; 0.165; 0.188308; -2.75121; 0.160988; 5.30172e-05; 1.02555e-05; 0; 0
12.768; -2.73095; 0.165053; 0.188308; -2.75121; 0.160988; 1.76818e-05; 3.36954e-06; 0; 0
12.784; -2.73039; 0.165161; 0.182769; -2.75121; 0.160988; 3.53636e-05; 6.73908e-06; 0; 0
12.8; -2.73; 0.165233; 0.198; -2.75121; 0.160988; 2.43378e-05; 4.4984e-06; 0; 0
12.816; -2.7295; 0.165332; 0.189692; -2.75121; 0.160988; 3.08846e-05; 6.19633e-06; 0; 0
12.832; -2.7289; 0.165448; 0.185538; -2.75121; 0.160988; 3.75639e-05; 7.21229e-06; 0; 0
12.848; -2.72858; 0.165508; 0.189692; -2.75121; 0.160988; 1.99025e-05; 3.73563e-06; 0; 0
12.864; -2.72816; 0.165589; 0.186923; -2.75121; 0.160988; 2.65157e-05; 5.09103e-06; 0; 0
12.88; -2.72784; 0.165649; 0.177231; -2.75121; 0.160988; 1.98973e-05; 3.76319e-06; 0; 0
12.896; -2.72702; 0.165795; 0.181385; -2.75121; 0.160988; 5.09394e-05; 9.12375e-06; 0; 0
12.912; -2.72671; 0.165854; 0.185538; -2.75121; 0.160988; 1.99178e-05; 3.65293e-06; 0; 0
12.928; -2.72632; 0.165927; 0.181385; -2.75121; 0.160988; 2.43252e-05; 4.56578e-06; 0; 0
12.944; -2.72568; 0.166044; 0.186923; -2.75121; 0.160988; 3.98356e-05; 7.30586e-06; 0; 0
12.96; -2.72557; 0.166064; 0.185538; -2.75121; 0.160988; 6.63242e-06; 1.2544e-06; 0; 0
12.976; -2.72479; 0.16621; 0.177231; -2.75121; 0.160988; 4.86504e-05; 9.13155e-06; 0; 0
12.992; -2.72433; 0.166292; 0.175846; -2.75121; 0.160988; 2.87918e-05; 5.1569e-06; 0; 0
13.008; -2.72409; 0.166336; 0.174462; -2.75121; 0.160988; 1.55071e-05; 2.75533e-06; 0; 0
13.024; -2.72348; 0.166443; 0.175846; -2.75121; 0.-2.50792e-06; -2.74839; -0.157607; 2.42597e-05; -4.90214e-06; 0; 0
12.816; -2.72757; -0.161974; -0.202154; -2.74839; -0.157607; 1.98761e-05; -3.87333e-06; 0; 0
12.832; -2.7268; -0.162133; -0.191077; -2.74839; -0.157607; 4.8492e-05; -9.9386e-06; 0; 0
12.848; -2.72623; -0.162242; -0.204923; -2.74839; -0.157607; 3.53448e-05; -6.83699e-06; 0; 0
12.864; -2.72591; -0.162308; -0.192462; -2.74839; -0.157607; 1.98263e-05; -4.12071e-06; 0; 0
12.88; -2.72556; -0.162377; -0.198; -2.74839; -0.157607; 2.20846e-05; -4.3037e-06; 0; 0
12.896; -2.72507; -0.162476; -0.195231; -2.74839; -0.157607; 3.08846e-05; -6.19633e-06; 0; 0
12.912; -2.72454; -0.162581; -0.196615; -2.74839; -0.157607; 3.31088e-05; -6.54726e-06; 0; 0
12.928; -2.72401; -0.162686; -0.209077; -2.74839; -0.157607; 3.30998e-05; -6.5931e-06; 0; 0
12.944; -2.72344; -0.162806; -0.198; -2.74839; -0.157607; 3.5216e-05; -7.47205e-06; 0; 0
12.96; -2.72323; -0.162848; -0.203538; -2.74839; -0.157607; 1.32362e-05; -2.65557e-06; 0; 0
12.976; -2.72277; -0.162943; -0.199385; -2.74839; -0.157607; 2.86462e-05; -5.91248e-06; 0; 0
12.992; -2.72249; -0.163; -0.193846; -2.74839; -0.157607; 1.76434e-05; -3.56519e-06; 0; 0
13.008; -2.72196; -0.163104; -0.198; -2.74839; -0.157607; 3.31179e-05; -6.50141e-06; 0; 0
13.024; -2.72143; -0.16321; -0.202154; -2.74839; -0.157607; 3.30906e-05; -6.63892e-06; 0; 0
13.04; -2.72122; -0.163254; -0.196615; -2.74839; -0.157607; 1.32251e-05; -2.71053e-06; 0; 0
13.056; -2.72073; -0.163352; -0.193846; -2.74839; -0.157607; 3.08931e-05; -6.15356e-06; 0; 0
13.072; -2.72023; -0.163449; -0.196615; -2.74839; -0.157607; 3.091e-05; -6.06798e-06; 0; 0
.896; -2.69785; -0.0751227; -0.0969231; -2.71917; -0.0730507; 1.34366e-05; -1.30641e-06; 0; 0
12.912; -2.69749; -0.0751575; -0.0913846; -2.71917; -0.0730507; 2.23944e-05; -2.17736e-06; 0; 0
12.928; -2.69699; -0.0752035; -0.0858462; -2.71917; -0.0730507; 3.13686e-05; -2.87461e-06; 0; 0
12.944; -2.69642; -0.0752529; -0.0941538; -2.71917; -0.0730507; 3.58674e-05; -3.08667e-06; 0; 0
12.96; -2.69595; -0.0752969; -0.0955385; -2.71917; -0.0730507; 2.91204e-05; -2.74993e-06; 0; 0
12.976; -2.69566; -0.0753244; -0.0872308; -2.71917; -0.0730507; 1.79179e-05; -1.71708e-06; 0; 0
12.992; -2.69531; -0.0753557; -0.0872308; -2.71917; -0.0730507; 2.24145e-05; -1.9602e-06; 0; 0
13.008; -2.69491; -0.0753902; -0.0886154; -2.71917; -0.0730507; 2.46559e-05; -2.15622e-06; 0; 0
13.024; -2.69441; -0.0754348; -0.0886154; -2.71917; -0.0730507; 3.13764e-05; -2.78773e-06; 0; 0
13.04; -2.69391; -0.0754794; -0.102462; -2.71917; -0.0730507; 3.13764e-05; -2.78773e-06; 0; 0
13.056; -2.69333; -0.0755384; -0.0886154; -2.71917; -0.0730507; 3.58112e-05; -3.68216e-06; 0; 0
13.072; -2.69305; -0.0755638; -0.0913846; -2.71917; -0.0730507; 1.79294e-05; -1.59299e-06; 0; 0
